timestamp,deviceId,temperature,humidity,pressure,vibration,anomaly_prediction,anomaly,anomaly_score
2026-08-05T11:28:17.166338+05:30,pythondevice01,22.8,49.53,1001.1,0.36,1,Normal,0.07038111551832665
2026-08-05T11:28:19.481661+05:30,pythondevice01,22.43,71.31,1022.51,0.84,1,Normal,0.07060499205463794
2026-08-05T11:28:21.725535+05:30,pythondevice01,28.61,47.95,1017.46,0.56,1,Normal,0.0969159442048414
2026-08-05T11:28:24.843074+05:30,pythondevice01,30.75,78.24,999.27,0.68,1,Normal,0.0736304582020797
2026-08-05T11:28:27.182130+05:30,pythondevice01,24.94,54.11,1014.12,0.42,1,Normal,0.10266204411734053
2026-08-05T11:28:30.172106+05:30,pythondevice01,23.76,68.69,997.26,0.4,1,Normal,0.06248807860591121
2026-08-05T11:28:32.742657+05:30,pythondevice01,24.55,41.51,1011.85,0.46,1,Normal,0.07462408748779059
2026-08-05T11:28:35.278531+05:30,pythondevice01,26.93,78.62,1028.67,0.5,1,Normal,0.01663741336526825
2026-08-05T11:28:39.614587+05:30,pythondevice01,26.28,64.7,1003.91,0.8,1,Normal,0.09885244893340528
2026-08-05T11:28:42.324507+05:30,pythondevice01,33.34,74.38,1011.5,0.31,1,Normal,0.06416872429715526
2026-08-05T11:28:44.549397+05:30,pythondevice01,27.38,79.38,1004.04,0.39,1,Normal,0.050101466318434595
2026-08-05T11:28:47.662977+05:30,pythondevice01,33.49,56.2,1022.42,0.25,1,Normal,0.07264714168136427
2026-08-05T11:28:49.871096+05:30,pythondevice01,25.62,45.33,1005.0,0.86,1,Normal,0.07547422809247623
2026-08-05T11:28:52.085201+05:30,pythondevice01,21.53,54.49,1005.03,0.31,1,Normal,0.05998848008083735
2026-08-05T11:28:54.416889+05:30,pythondevice01,32.0,56.73,1017.63,0.49,1,Normal,0.09927354220786705
2026-08-05T11:28:56.632338+05:30,pythondevice01,33.57,74.63,1006.56,0.36,1,Normal,0.05485439710946849
2026-08-05T11:28:58.888835+05:30,pythondevice01,23.88,62.75,1018.66,0.84,1,Normal,0.08478205145536544
2026-08-05T11:29:01.219405+05:30,pythondevice01,21.81,57.86,994.82,0.21,1,Normal,0.04789411679725031
2026-08-05T11:29:03.491097+05:30,pythondevice01,25.88,41.66,990.52,0.73,-1,Anomaly,-0.010203819667536584
2026-08-05T11:29:05.772816+05:30,pythondevice01,32.81,77.65,1022.25,0.68,1,Normal,0.059688021315763784
2026-08-05T11:29:08.082577+05:30,pythondevice01,32.16,68.97,1018.43,0.49,1,Normal,0.09203342353244043
2026-08-05T11:29:10.875848+05:30,pythondevice01,34.22,66.81,1027.19,0.34,1,Normal,0.04965901311524035
2026-08-05T11:29:13.219372+05:30,pythondevice01,24.39,60.04,1023.66,0.81,1,Normal,0.07235590699368422
2026-08-05T11:29:16.836370+05:30,pythondevice01,29.35,68.99,1027.31,0.75,1,Normal,0.07062493513685386
2026-08-05T11:29:19.891035+05:30,pythondevice01,24.47,42.16,1021.95,0.95,1,Normal,0.029158261213239944
2026-08-05T11:29:22.931281+05:30,pythondevice01,21.38,53.79,994.06,0.13,1,Normal,0.012616353278930514
2026-08-05T11:29:25.157163+05:30,pythondevice01,32.22,52.72,1005.37,0.29,1,Normal,0.06914877840587236
2026-08-05T11:29:27.376140+05:30,pythondevice01,32.86,75.55,1025.15,0.19,1,Normal,0.02716139674728879
2026-08-05T11:29:30.648255+05:30,pythondevice01,33.23,66.48,1005.48,0.26,1,Normal,0.06538798863771728
2026-08-05T11:29:35.177900+05:30,pythondevice01,31.98,42.87,1005.78,0.97,1,Normal,0.028149592799952106
2026-08-05T11:29:38.868137+05:30,pythondevice01,26.77,46.55,1006.81,0.59,1,Normal,0.10615026037445757
2026-08-05T11:29:41.754063+05:30,pythondevice01,29.96,58.99,1004.33,0.43,1,Normal,0.09253038861546437
2026-08-05T11:29:44.801757+05:30,pythondevice01,32.54,65.49,998.92,0.42,1,Normal,0.0726377607348147
2026-08-05T11:29:47.030141+05:30,pythondevice01,32.42,73.93,997.7,0.24,1,Normal,0.034301396696976294
2026-08-05T11:29:49.436694+05:30,pythondevice01,21.63,53.44,1014.84,0.86,1,Normal,0.05758197689449018
2026-08-05T11:29:51.748921+05:30,pythondevice01,22.52,70.18,995.73,0.53,1,Normal,0.057329923680448536
2026-08-05T11:29:54.036316+05:30,pythondevice01,22.61,44.29,1021.06,0.64,1,Normal,0.07966907584345612
2026-08-05T11:29:56.482685+05:30,pythondevice01,32.95,72.91,1018.8,0.7,1,Normal,0.07280375276187595
2026-08-05T11:29:59.056628+05:30,pythondevice01,28.49,78.67,991.35,0.49,1,Normal,0.014075921985900797
2026-08-05T11:30:02.290561+05:30,pythondevice01,20.24,79.72,990.52,0.95,-1,Anomaly,-0.06871330942605858
2026-08-05T11:30:04.983297+05:30,pythondevice01,27.37,59.55,1012.84,0.19,1,Normal,0.07828975591901072
2026-08-05T11:30:07.468548+05:30,pythondevice01,29.21,56.24,997.41,0.68,1,Normal,0.10405901501538384
2026-08-05T11:30:09.974690+05:30,pythondevice01,33.4,47.46,1014.63,0.42,1,Normal,0.06732644765529666
2026-08-05T11:30:12.221690+05:30,pythondevice01,31.19,46.52,1002.59,0.53,1,Normal,0.0840500091735577
2026-08-05T11:30:19.278969+05:30,pythondevice01,30.89,67.86,1010.1,0.25,1,Normal,0.08535779164242846
2026-08-05T11:30:22.161214+05:30,pythondevice01,32.84,77.93,1010.08,0.32,1,Normal,0.05253532888035772
2026-08-05T11:30:24.491295+05:30,pythondevice01,33.86,55.3,998.97,0.73,1,Normal,0.06276330210657688
2026-08-05T11:30:27.053931+05:30,pythondevice01,21.91,63.74,1003.18,0.47,1,Normal,0.07089311820281513
2026-08-05T11:30:30.203105+05:30,pythondevice01,34.43,42.68,1002.54,0.62,1,Normal,0.03524822791795257
2026-08-05T11:30:32.786586+05:30,pythondevice01,31.07,57.59,1025.93,0.96,1,Normal,0.043484353192022596
2026-08-05T11:30:36.503153+05:30,pythondevice01,20.59,62.23,993.44,0.54,1,Normal,0.023559083540333647
2026-08-05T11:30:39.290643+05:30,pythondevice01,27.46,63.33,1014.68,0.91,1,Normal,0.07824534788942061
2026-08-05T11:30:42.367297+05:30,pythondevice01,31.0,54.39,999.03,0.7,1,Normal,0.09958154185315898
2026-08-05T11:30:45.084255+05:30,pythondevice01,30.75,53.91,1016.38,0.3,1,Normal,0.09272738507732248
2026-08-05T11:30:48.474667+05:30,pythondevice01,32.82,53.17,997.65,0.73,1,Normal,0.06956264650204086
2026-08-05T11:30:52.446778+05:30,pythondevice01,20.86,75.33,1023.24,0.69,1,Normal,0.0262540212874659
2026-08-05T11:30:54.880494+05:30,pythondevice01,29.01,73.67,995.08,0.71,1,Normal,0.07129466553587421
2026-08-05T11:30:57.213597+05:30,pythondevice01,33.84,64.07,1025.92,0.37,1,Normal,0.06136994188064204
2026-08-05T11:30:59.529972+05:30,pythondevice01,22.85,64.71,998.0,0.98,1,Normal,0.01444905244342476
2026-08-05T11:31:01.838402+05:30,pythondevice01,22.11,48.58,998.34,0.69,1,Normal,0.061591046456504484
2026-08-05T11:31:04.242797+05:30,pythondevice01,20.59,43.65,1010.32,0.67,1,Normal,0.049138623165205786
2026-08-05T11:31:06.493240+05:30,pythondevice01,32.76,53.07,1026.12,0.59,1,Normal,0.07190052760631144
2026-08-05T11:31:09.485686+05:30,pythondevice01,25.97,55.03,998.64,0.61,1,Normal,0.11042296657336165
2026-08-05T11:31:11.889727+05:30,pythondevice01,34.76,64.9,1002.14,0.1,-1,Anomaly,-0.02149928666579437
2026-08-05T11:31:14.164735+05:30,pythondevice01,29.69,65.01,1019.92,0.46,1,Normal,0.09145167419808953
2026-08-05T11:31:16.694925+05:30,pythondevice01,26.29,50.9,1016.68,0.34,1,Normal,0.09666511455658577
2026-08-05T11:31:19.922271+05:30,pythondevice01,28.84,63.08,1015.36,0.6,1,Normal,0.10168681852370304
2026-08-05T11:31:22.555233+05:30,pythondevice01,25.0,66.37,993.99,0.3,1,Normal,0.03555481818063089
2026-08-05T11:31:24.789709+05:30,pythondevice01,27.13,63.91,1011.49,0.9,1,Normal,0.08934668107307697
2026-08-05T11:31:27.057120+05:30,pythondevice01,26.57,72.39,996.42,0.89,1,Normal,0.06262257419150008
2026-08-05T11:31:29.525041+05:30,pythondevice01,25.56,68.96,1017.98,0.97,1,Normal,0.048447637851442016
2026-08-05T11:31:31.748052+05:30,pythondevice01,28.26,69.78,1008.27,0.48,1,Normal,0.10774617852088292
2026-08-05T11:31:34.267802+05:30,pythondevice01,20.06,71.08,1020.28,0.32,1,Normal,0.02037633884973844
2026-08-05T11:31:36.544824+05:30,pythondevice01,25.02,58.01,999.03,0.31,1,Normal,0.09063916120659349
2026-08-05T11:31:38.998721+05:30,pythondevice01,22.63,54.87,1018.32,0.66,1,Normal,0.08893597806957332
2026-08-05T11:31:41.464946+05:30,pythondevice01,33.3,57.24,1009.03,0.85,1,Normal,0.07552365963635238
2026-08-05T11:31:43.807023+05:30,pythondevice01,29.64,41.17,1013.13,0.71,1,Normal,0.06589482363255461
2026-08-05T11:31:46.217954+05:30,pythondevice01,30.17,61.76,1021.2,0.88,1,Normal,0.08046318781647915
2026-08-05T11:31:48.501282+05:30,pythondevice01,24.11,42.58,1023.88,0.21,1,Normal,0.04070446959507246
2026-08-05T11:31:50.798984+05:30,pythondevice01,25.73,78.57,995.01,0.11,-1,Anomaly,-0.029787568620415983
2026-08-05T11:31:53.028224+05:30,pythondevice01,31.31,51.23,998.51,0.24,1,Normal,0.07187688953546173
2026-08-05T11:31:55.301841+05:30,pythondevice01,32.39,48.91,1025.16,0.81,1,Normal,0.05825371837430526
2026-08-05T11:31:57.718709+05:30,pythondevice01,28.99,50.86,994.66,0.38,1,Normal,0.06343527163873963
2026-08-05T11:32:00.113326+05:30,pythondevice01,30.61,78.46,992.19,0.81,1,Normal,0.010588143881124612
2026-08-05T06:13:36.873021+00:00,pythondevice01,22.07,73.69,1026.59,0.93,1,Normal,0.002404399995010076
2026-08-05T06:13:48.050653+00:00,pythondevice01,28.03,70.13,1001.02,0.94,1,Normal,0.07654011283875306
2026-08-05T06:13:50.269731+00:00,pythondevice01,34.13,59.3,1024.45,0.9,1,Normal,0.05060070723427079
2026-08-05T06:13:52.531487+00:00,pythondevice01,29.7,42.01,1028.42,0.87,1,Normal,0.016926038279925337
2026-08-05T06:13:54.773489+00:00,pythondevice01,33.44,48.42,1025.44,0.63,1,Normal,0.06382573509500888
2026-08-05T06:13:57.073711+00:00,pythondevice01,32.34,63.63,1009.93,0.36,1,Normal,0.08782972943218648
2026-08-05T06:13:59.309866+00:00,pythondevice01,24.77,64.09,1019.67,0.78,1,Normal,0.09663662094733239
2026-08-05T06:14:01.550915+00:00,pythondevice01,25.76,50.96,1025.86,0.17,1,Normal,0.06480086947780384
2026-08-05T06:14:03.889648+00:00,pythondevice01,21.75,47.38,1008.17,0.78,1,Normal,0.04823794772302492
2026-08-05T06:14:06.089855+00:00,pythondevice01,20.9,78.04,1001.88,0.68,1,Normal,0.028054212306134807
2026-08-05T06:14:08.304506+00:00,pythondevice01,21.76,54.35,1011.73,0.61,1,Normal,0.08485082959716961
2026-08-05T06:14:10.609418+00:00,pythondevice01,20.63,59.67,995.52,0.16,1,Normal,0.013131606860223743
2026-08-05T06:14:12.829252+00:00,pythondevice01,27.99,68.06,1027.78,0.7,1,Normal,0.06656045280410539
2026-08-05T06:14:15.093063+00:00,pythondevice01,34.18,64.81,1024.22,0.86,1,Normal,0.04849053914565071
2026-08-05T06:14:17.335640+00:00,pythondevice01,22.89,56.35,1021.88,0.63,1,Normal,0.08980648203820019
2026-08-05T06:14:19.581218+00:00,pythondevice01,32.52,47.21,1024.58,0.45,1,Normal,0.058578993131430446
2026-08-05T06:14:21.860925+00:00,pythondevice01,25.75,59.82,1008.42,0.89,1,Normal,0.08644409178908435
2026-08-05T11:28:17.166338+05:30,pythondevice01,22.8,49.53,1001.1,0.36,1,Normal,0.07038111551832665
2026-08-05T11:28:19.481661+05:30,pythondevice01,22.43,71.31,1022.51,0.84,1,Normal,0.07060499205463794
2026-08-05T11:28:21.725535+05:30,pythondevice01,28.61,47.95,1017.46,0.56,1,Normal,0.0969159442048414
2026-08-05T11:28:24.843074+05:30,pythondevice01,30.75,78.24,999.27,0.68,1,Normal,0.0736304582020797
2026-08-05T11:28:27.182130+05:30,pythondevice01,24.94,54.11,1014.12,0.42,1,Normal,0.10266204411734053
2026-08-05T11:28:30.172106+05:30,pythondevice01,23.76,68.69,997.26,0.4,1,Normal,0.06248807860591121
2026-08-05T11:28:32.742657+05:30,pythondevice01,24.55,41.51,1011.85,0.46,1,Normal,0.07462408748779059
2026-08-05T11:28:35.278531+05:30,pythondevice01,26.93,78.62,1028.67,0.5,1,Normal,0.01663741336526825
2026-08-05T11:28:39.614587+05:30,pythondevice01,26.28,64.7,1003.91,0.8,1,Normal,0.09885244893340528
2026-08-05T11:28:42.324507+05:30,pythondevice01,33.34,74.38,1011.5,0.31,1,Normal,0.06416872429715526
2026-08-05T11:28:44.549397+05:30,pythondevice01,27.38,79.38,1004.04,0.39,1,Normal,0.050101466318434595
2026-08-05T11:28:47.662977+05:30,pythondevice01,33.49,56.2,1022.42,0.25,1,Normal,0.07264714168136427
2026-08-05T11:28:49.871096+05:30,pythondevice01,25.62,45.33,1005.0,0.86,1,Normal,0.07547422809247623
2026-08-05T11:28:52.085201+05:30,pythondevice01,21.53,54.49,1005.03,0.31,1,Normal,0.05998848008083735
2026-08-05T11:28:54.416889+05:30,pythondevice01,32.0,56.73,1017.63,0.49,1,Normal,0.09927354220786705
2026-08-05T11:28:56.632338+05:30,pythondevice01,33.57,74.63,1006.56,0.36,1,Normal,0.05485439710946849
2026-08-05T11:28:58.888835+05:30,pythondevice01,23.88,62.75,1018.66,0.84,1,Normal,0.08478205145536544
2026-08-05T11:29:01.219405+05:30,pythondevice01,21.81,57.86,994.82,0.21,1,Normal,0.04789411679725031
2026-08-05T11:29:03.491097+05:30,pythondevice01,25.88,41.66,990.52,0.73,-1,Anomaly,-0.010203819667536584
2026-08-05T11:29:05.772816+05:30,pythondevice01,32.81,77.65,1022.25,0.68,1,Normal,0.059688021315763784
2026-08-05T11:29:08.082577+05:30,pythondevice01,32.16,68.97,1018.43,0.49,1,Normal,0.09203342353244043
2026-08-05T11:29:10.875848+05:30,pythondevice01,34.22,66.81,1027.19,0.34,1,Normal,0.04965901311524035
2026-08-05T11:29:13.219372+05:30,pythondevice01,24.39,60.04,1023.66,0.81,1,Normal,0.07235590699368422
2026-08-05T11:29:16.836370+05:30,pythondevice01,29.35,68.99,1027.31,0.75,1,Normal,0.07062493513685386
2026-08-05T11:29:19.891035+05:30,pythondevice01,24.47,42.16,1021.95,0.95,1,Normal,0.029158261213239944
2026-08-05T11:29:22.931281+05:30,pythondevice01,21.38,53.79,994.06,0.13,1,Normal,0.012616353278930514
2026-08-05T11:29:25.157163+05:30,pythondevice01,32.22,52.72,1005.37,0.29,1,Normal,0.06914877840587236
2026-08-05T11:29:27.376140+05:30,pythondevice01,32.86,75.55,1025.15,0.19,1,Normal,0.02716139674728879
2026-08-05T11:29:30.648255+05:30,pythondevice01,33.23,66.48,1005.48,0.26,1,Normal,0.06538798863771728
2026-08-05T11:29:35.177900+05:30,pythondevice01,31.98,42.87,1005.78,0.97,1,Normal,0.028149592799952106
2026-08-05T11:29:38.868137+05:30,pythondevice01,26.77,46.55,1006.81,0.59,1,Normal,0.10615026037445757
,,25.5,60.2,1012.3,0.12,1,Normal,0.0628714771113762
,,25.5,60.2,1012.3,0.12,1,Normal,0.0628714771113762
2026-08-09T22:53:35.888737+05:30,pythondevice01,32.99,43.29,1009.47,0.14,1,Normal,0.032658061407577654
2026-08-09T22:53:38.117863+05:30,pythondevice01,28.37,68.78,1027.18,0.86,1,Normal,0.061183075199043535
2026-08-09T22:53:40.289710+05:30,pythondevice01,24.39,43.49,990.24,0.66,-1,Anomaly,-0.012829250417793703
2026-08-09T22:53:42.293282+05:30,pythondevice01,30.63,42.94,994.62,0.89,1,Normal,0.036201587797062285
2026-08-09T22:53:44.299529+05:30,pythondevice01,30.91,73.62,1009.68,0.74,1,Normal,0.09607013622178046
2026-08-09T22:53:46.305041+05:30,pythondevice01,32.22,53.49,1027.76,0.2,1,Normal,0.03622497643737077
2026-08-09T22:53:48.310433+05:30,pythondevice01,32.09,78.52,1004.95,0.97,1,Normal,0.020185880908002662
2026-08-09T22:53:50.316670+05:30,pythondevice01,33.65,60.99,1006.03,0.91,1,Normal,0.06037708561257327
2026-08-09T22:53:52.322079+05:30,pythondevice01,32.68,44.39,1008.71,0.75,1,Normal,0.06893418121841816
2026-08-09T22:53:54.328810+05:30,pythondevice01,23.92,71.29,1010.81,0.7,1,Normal,0.08932588145406734
2026-08-09T22:53:56.339982+05:30,pythondevice01,33.6,70.2,1022.38,0.3,1,Normal,0.06355529183201158
2026-08-09T22:53:58.351613+05:30,pythondevice01,27.79,55.86,1015.38,0.92,1,Normal,0.07820039218920571
2026-08-09T22:54:00.356154+05:30,pythondevice01,31.08,74.65,1009.74,0.88,1,Normal,0.06911999302740945
2026-08-09T22:54:02.361963+05:30,pythondevice01,29.56,71.3,999.37,0.96,1,Normal,0.06432002202389597
2026-08-09T22:54:04.366811+05:30,pythondevice01,31.64,67.44,1008.18,0.37,1,Normal,0.09289962002850116
2026-08-09T22:54:06.373930+05:30,pythondevice01,32.48,71.85,992.59,0.1,-1,Anomaly,-0.034272114505954576
2026-08-09T22:54:08.377140+05:30,pythondevice01,21.67,41.86,1008.18,0.69,1,Normal,0.04600629114912058
2026-08-09T22:54:10.384727+05:30,pythondevice01,24.28,60.2,1019.96,0.73,1,Normal,0.08431687700124135
2026-08-09T22:54:12.388027+05:30,pythondevice01,31.48,48.01,1000.02,0.43,1,Normal,0.08172106238677068
2026-08-09T22:54:14.397682+05:30,pythondevice01,20.71,46.29,1020.35,0.8,1,Normal,0.018084700939363207
2026-08-09T22:54:16.403149+05:30,pythondevice01,30.16,45.16,1023.85,0.26,1,Normal,0.06674170316543415
2026-08-09T22:54:18.407844+05:30,pythondevice01,22.0,62.09,999.49,0.11,1,Normal,0.029816324976601027
2026-08-09T22:54:20.413983+05:30,pythondevice01,26.07,74.24,1001.39,0.42,1,Normal,0.0751840514952748
2026-08-09T22:54:22.418147+05:30,pythondevice01,27.66,62.8,1019.73,0.57,1,Normal,0.09684298376003547
2026-08-09T22:54:24.423813+05:30,pythondevice01,26.13,70.4,1021.09,0.34,1,Normal,0.07733046457904336
2026-08-09T22:54:26.429611+05:30,pythondevice01,32.97,50.35,1019.38,0.53,1,Normal,0.08462970004787712
2026-08-09T22:54:28.435652+05:30,pythondevice01,31.97,78.13,991.76,0.96,-1,Anomaly,-0.014346226351019231
2026-08-09T22:54:30.439358+05:30,pythondevice01,31.16,72.59,1012.26,0.12,1,Normal,0.04294652214294825
2026-08-09T22:54:32.445106+05:30,pythondevice01,24.02,53.41,1026.42,0.17,1,Normal,0.06007957802221797
2026-08-09T22:54:34.451347+05:30,pythondevice01,30.53,59.12,999.22,0.67,1,Normal,0.1062149161487006
2026-08-09T22:54:36.454288+05:30,pythondevice01,20.31,62.34,1023.91,0.89,1,Normal,0.009487271014942289
2026-08-09T22:54:38.463865+05:30,pythondevice01,24.66,77.61,1016.47,0.12,1,Normal,0.03176531973549135
2026-08-09T22:54:40.466829+05:30,pythondevice01,28.12,66.66,1001.54,0.49,1,Normal,0.11286053207049973
2026-08-09T22:54:42.472667+05:30,pythondevice01,28.6,59.16,1004.05,0.58,1,Normal,0.10450127642304802
2026-08-09T22:58:18.614557+05:30,pythondevice01,20.62,44.86,1021.19,0.66,1,Normal,0.03943662791403013
2026-08-09T22:58:20.794445+05:30,pythondevice01,34.18,77.74,1026.77,0.59,1,Normal,0.015927457685318114
2026-08-09T22:58:22.800923+05:30,pythondevice01,32.98,75.26,1003.0,0.75,1,Normal,0.05976765351675939
2026-08-09T22:58:24.808059+05:30,pythondevice01,23.62,60.45,992.05,0.59,1,Normal,0.037738208081096625
2026-08-09T22:58:26.812421+05:30,pythondevice01,26.87,46.18,1028.62,0.33,1,Normal,0.04942749075834785
2026-08-09T22:58:28.819849+05:30,pythondevice01,21.87,44.3,998.25,0.67,1,Normal,0.05649437984292904
2026-08-09T22:58:30.832206+05:30,pythondevice01,20.51,41.84,1010.66,0.26,1,Normal,0.005762598209375858
2026-08-09T22:58:32.837085+05:30,pythondevice01,22.37,54.5,998.29,0.16,1,Normal,0.060235195464758196
2026-08-09T22:58:34.844976+05:30,pythondevice01,26.59,63.59,1014.98,0.4,1,Normal,0.09856349840480344
2026-08-09T22:58:36.856106+05:30,pythondevice01,28.32,77.35,1012.79,0.77,1,Normal,0.06234516197477136
2026-08-09T22:58:38.918450+05:30,pythondevice01,26.97,44.04,1004.59,0.87,1,Normal,0.07482760134282307
2026-08-09T22:58:40.982785+05:30,pythondevice01,27.76,40.58,1010.11,0.15,1,Normal,0.02152867881707521
2026-08-09T22:58:43.057964+05:30,pythondevice01,21.01,69.15,1026.45,0.23,1,Normal,0.006661307341088718
2026-08-09T22:58:45.075318+05:30,pythondevice01,34.77,44.07,1010.95,0.15,1,Normal,0.005480551861780092
2026-08-09T22:58:47.082752+05:30,pythondevice01,30.88,69.67,1016.63,0.27,1,Normal,0.07946132084640234
2026-08-09T22:58:49.102116+05:30,pythondevice01,26.84,76.92,1004.28,0.23,1,Normal,0.04488208319602416
2026-08-09T22:58:51.211597+05:30,pythondevice01,29.13,42.38,1020.22,0.88,1,Normal,0.053445488714597644
2026-08-09T22:58:53.219048+05:30,pythondevice01,31.86,76.85,1018.34,0.11,1,Normal,0.015965797615800748
2026-08-09T22:58:55.879340+05:30,pythondevice01,24.73,54.29,1008.25,0.2,1,Normal,0.0880399365810951
2026-08-09T22:58:57.885874+05:30,pythondevice01,23.72,44.69,1008.5,0.65,1,Normal,0.08612203492748755
2026-08-09T22:58:59.891311+05:30,pythondevice01,25.36,61.83,1022.65,0.84,1,Normal,0.08960690309595859
2026-08-09T22:59:01.898250+05:30,pythondevice01,32.5,40.06,995.83,0.7,1,Normal,0.01623272094470085
2026-08-09T22:59:03.906457+05:30,pythondevice01,32.09,79.99,1025.75,0.34,1,Normal,0.003005577254064584
2026-08-09T22:59:05.914907+05:30,pythondevice01,27.01,40.67,996.45,0.97,1,Normal,0.0015131621347845847
2026-08-09T22:59:07.923036+05:30,pythondevice01,33.73,74.08,1009.52,0.47,1,Normal,0.07119444335378
2026-08-09T22:59:09.931993+05:30,pythondevice01,29.56,40.68,996.0,0.52,1,Normal,0.03383154149253409
2026-08-09T22:59:11.936872+05:30,pythondevice01,22.58,72.47,998.46,0.75,1,Normal,0.06329342497916446
2026-08-09T22:59:13.947651+05:30,pythondevice01,26.39,67.88,1012.17,0.63,1,Normal,0.09778164397418254
2026-08-09T22:59:15.954461+05:30,pythondevice01,33.05,71.99,1024.1,0.16,1,Normal,0.04059906262703017
2026-08-09T22:59:17.961449+05:30,pythondevice01,27.94,57.34,993.94,0.28,1,Normal,0.06249502623145764
2026-08-09T22:59:19.968411+05:30,pythondevice01,28.09,44.02,1025.39,0.27,1,Normal,0.054758364500539725
2026-08-09T22:59:21.975757+05:30,pythondevice01,25.99,56.36,1024.85,0.16,1,Normal,0.0678927648233264
2026-08-09T22:59:23.981630+05:30,pythondevice01,29.76,43.19,1026.05,0.88,1,Normal,0.047142456653407105
2026-08-09T22:59:25.986537+05:30,pythondevice01,21.46,71.23,997.12,0.59,1,Normal,0.05445033683246514
2026-08-09T22:59:27.992482+05:30,pythondevice01,23.01,49.57,995.78,0.14,1,Normal,0.02478342069762085
2026-08-09T22:59:29.997779+05:30,pythondevice01,31.21,79.57,1025.7,0.47,1,Normal,0.013191698313519296
2026-08-09T22:59:32.029836+05:30,pythondevice01,33.07,46.19,1015.94,0.18,1,Normal,0.048968875304494675
2026-08-09T22:59:34.035965+05:30,pythondevice01,24.01,77.04,1003.51,0.39,1,Normal,0.06373987165622619
2026-08-09T22:59:36.040086+05:30,pythondevice01,27.96,45.09,1029.61,0.84,1,Normal,0.03143627339945909
2026-08-09T22:59:38.048183+05:30,pythondevice01,25.44,46.11,1009.3,0.15,1,Normal,0.0655416750794367
2026-08-09T22:59:40.054024+05:30,pythondevice01,33.87,40.94,996.57,0.28,-1,Anomaly,-0.004397489260285714
2026-08-09T22:59:42.058851+05:30,pythondevice01,24.97,76.43,995.07,0.6,1,Normal,0.05989167634164794
2026-08-09T22:59:44.064734+05:30,pythondevice01,32.0,54.95,1027.69,0.37,1,Normal,0.058967913205301814
2026-08-09T22:59:46.070248+05:30,pythondevice01,33.72,76.59,994.76,0.82,1,Normal,0.019770770135549953
2026-08-09T22:59:48.073633+05:30,pythondevice01,25.59,56.0,1018.69,0.11,1,Normal,0.056506605944183
2026-08-09T22:59:50.077296+05:30,pythondevice01,33.29,42.61,1016.57,0.59,1,Normal,0.06889637426206613
2026-08-09T22:59:52.086197+05:30,pythondevice01,34.29,78.05,1008.57,0.42,1,Normal,0.02810321375151692
2026-08-09T22:59:54.102742+05:30,pythondevice01,26.86,46.27,1027.37,0.58,1,Normal,0.06762356918892326
2026-08-09T22:59:56.108065+05:30,pythondevice01,27.2,61.71,993.21,0.18,1,Normal,0.024029763748678934
2026-08-09T22:59:58.115968+05:30,pythondevice01,22.59,74.6,1021.19,0.28,1,Normal,0.033733632109138934
2026-08-09T23:00:00.120941+05:30,pythondevice01,32.64,56.39,1016.03,0.5,1,Normal,0.09304681872442921
2026-08-09T23:00:02.136496+05:30,pythondevice01,34.72,50.55,993.33,0.82,-1,Anomaly,-0.018386364412423806
2026-08-09T23:00:04.174121+05:30,pythondevice01,31.54,45.09,1010.41,0.21,1,Normal,0.06736514620079614
2026-08-09T23:00:06.309169+05:30,pythondevice01,31.08,74.99,992.24,0.18,-1,Anomaly,-0.0014431714353224656
2026-08-09T23:00:08.315037+05:30,pythondevice01,25.01,46.59,1022.64,0.64,1,Normal,0.08580050530485644
2026-08-09T23:00:10.320299+05:30,pythondevice01,27.79,49.48,1011.32,0.55,1,Normal,0.1033874081736989
2026-08-09T23:00:12.326287+05:30,pythondevice01,27.65,47.73,1000.54,0.19,1,Normal,0.07085565005608557
2026-08-09T23:00:14.330262+05:30,pythondevice01,34.66,56.8,1021.45,0.55,1,Normal,0.05115891984760468
2026-08-09T23:00:16.335217+05:30,pythondevice01,21.96,40.24,1005.67,0.31,1,Normal,0.01138712184614088
2026-08-09T23:00:18.340675+05:30,pythondevice01,23.55,52.89,1013.06,0.29,1,Normal,0.08272535829141858
2026-08-09T23:00:20.345686+05:30,pythondevice01,24.75,52.29,1027.17,0.34,1,Normal,0.06913286871407592
2026-08-09T23:00:22.351354+05:30,pythondevice01,22.25,64.59,1021.09,0.94,1,Normal,0.04418718881511563
2026-08-09T23:00:24.357760+05:30,pythondevice01,28.39,73.18,1011.42,0.5,1,Normal,0.10015869543277095
2026-08-10T00:25:56.781087+05:30,pythondevice01,30.12,72.76,1003.48,0.31,1,Normal,0.06480770375780187
2026-08-10T00:25:59.602521+05:30,pythondevice01,32.35,45.6,997.35,0.99,1,Normal,0.013750672233108552
2026-08-10T00:26:01.668888+05:30,pythondevice01,32.55,58.62,1001.83,0.79,1,Normal,0.08258551851259127
2026-08-10T00:26:03.703837+05:30,pythondevice01,27.3,74.72,1027.11,0.97,1,Normal,0.0060080794104581114
2026-08-10T00:26:05.709171+05:30,pythondevice01,28.82,46.39,1003.63,0.65,1,Normal,0.0968814382904894
2026-08-10T00:26:07.715934+05:30,pythondevice01,32.4,62.65,1015.74,0.48,1,Normal,0.09527973782601973
2026-08-10T00:26:09.737566+05:30,pythondevice01,26.76,47.32,1027.09,0.39,1,Normal,0.06974067594672922
2026-08-10T00:26:11.743814+05:30,pythondevice01,20.75,74.36,1009.16,0.74,1,Normal,0.04014946895387095
2026-08-10T00:26:13.759788+05:30,pythondevice01,32.86,47.7,990.58,0.43,1,Normal,0.003034329068601793
2026-08-10T00:26:15.764871+05:30,pythondevice01,28.1,75.21,1026.69,0.12,1,Normal,0.012700867455986309
2026-08-10T00:26:17.767950+05:30,pythondevice01,30.07,75.39,992.96,0.78,1,Normal,0.030229066731247478
2026-08-10T00:26:19.773666+05:30,pythondevice01,24.03,58.01,1018.88,0.79,1,Normal,0.07828199057832463
2026-08-10T00:26:21.779906+05:30,pythondevice01,27.2,66.28,999.77,0.78,1,Normal,0.10309851926554875
2026-08-10T00:26:23.786142+05:30,pythondevice01,30.48,50.72,1026.67,0.49,1,Normal,0.0746568403703155
2026-08-10T00:26:25.792988+05:30,pythondevice01,31.23,65.38,1001.12,0.37,1,Normal,0.08525810668640532
2026-08-10T00:26:27.797200+05:30,pythondevice01,24.07,60.37,1000.2,0.8,1,Normal,0.07780887153867622
2026-08-10T00:26:29.802228+05:30,pythondevice01,32.49,70.4,1006.66,0.85,1,Normal,0.07927917367024095
2026-08-10T00:26:31.808745+05:30,pythondevice01,33.07,65.62,998.89,0.61,1,Normal,0.07632775649272527
2026-08-10T00:26:33.817608+05:30,pythondevice01,20.39,77.45,999.15,0.95,-1,Anomaly,-0.005375341572271264
2026-08-10T00:26:35.931727+05:30,pythondevice01,24.53,73.16,1022.11,0.83,1,Normal,0.08020578879501672
2026-08-10T00:26:37.937034+05:30,pythondevice01,24.06,66.96,997.27,0.82,1,Normal,0.06984107453772365
2026-08-10T00:26:39.942423+05:30,pythondevice01,24.72,68.48,1023.34,0.25,1,Normal,0.07422782625158875
2026-08-10T00:26:41.946303+05:30,pythondevice01,34.89,76.87,1018.91,0.61,1,Normal,0.022652989724886607
2026-08-10T00:26:43.951688+05:30,pythondevice01,32.15,42.05,1019.78,0.65,1,Normal,0.05996839840837653
2026-08-10T00:26:45.958738+05:30,pythondevice01,29.69,62.66,1018.13,0.52,1,Normal,0.09700673809529331
2026-08-10T00:26:47.969726+05:30,pythondevice01,28.61,43.28,997.04,0.11,1,Normal,0.008884134419321787
2026-08-10T00:26:49.975200+05:30,pythondevice01,23.43,73.07,1003.73,0.11,1,Normal,0.011705852260845862
2026-08-10T00:26:51.982322+05:30,pythondevice01,28.91,41.21,1013.45,0.7,1,Normal,0.06853472962063467
2026-08-10T00:26:53.986965+05:30,pythondevice01,33.97,58.05,1022.36,0.22,1,Normal,0.05593810386027587
2026-08-10T00:26:55.993654+05:30,pythondevice01,20.3,50.95,1014.45,0.3,1,Normal,0.03462773999683033
2026-08-10T00:26:58.000825+05:30,pythondevice01,26.81,62.37,1015.03,0.79,1,Normal,0.09602975990725587
2026-08-10T00:27:00.006857+05:30,pythondevice01,28.05,45.43,1015.43,0.21,1,Normal,0.07969576852653293
2026-08-10T00:27:02.014080+05:30,pythondevice01,24.51,46.84,1008.63,0.2,1,Normal,0.07716294892533493
2026-08-10T00:27:04.020391+05:30,pythondevice01,23.3,45.93,997.49,0.15,1,Normal,0.034342562589277925
2026-08-10T00:27:06.024754+05:30,pythondevice01,29.92,68.94,996.05,0.9,1,Normal,0.06116336921728427
2026-08-10T00:27:08.055202+05:30,pythondevice01,25.89,46.07,1019.04,0.93,1,Normal,0.059323803030162936
2026-08-10T00:27:10.063012+05:30,pythondevice01,32.83,73.63,1018.84,0.98,1,Normal,0.03556981666608283
2026-08-10T00:27:12.066372+05:30,pythondevice01,22.55,69.49,1015.69,0.32,1,Normal,0.06017916339990659
2026-08-10T00:27:14.070355+05:30,pythondevice01,30.42,52.68,990.63,0.43,1,Normal,0.014012998374931973
2026-08-10T00:27:16.073621+05:30,pythondevice01,21.4,60.04,1014.54,0.89,1,Normal,0.04308939982940274
2026-08-10T00:27:18.077206+05:30,pythondevice01,25.01,79.49,1017.7,0.49,1,Normal,0.0450013265417436
2026-08-10T00:27:20.086350+05:30,pythondevice01,30.4,56.3,1001.5,0.56,1,Normal,0.1075392879007947
2026-08-10T00:27:22.090435+05:30,pythondevice01,26.22,79.98,1022.98,0.45,1,Normal,0.02769021261598692
2026-08-10T00:27:24.096028+05:30,pythondevice01,28.28,46.62,1025.47,0.8,1,Normal,0.0725401499009305
2026-08-10T00:27:26.100849+05:30,pythondevice01,21.05,59.66,994.41,0.15,1,Normal,0.004379964840483086
2026-08-10T00:27:28.104918+05:30,pythondevice01,26.24,76.34,1010.55,0.65,1,Normal,0.08759119351277983
2026-08-10T00:27:30.110063+05:30,pythondevice01,25.47,52.4,1001.46,0.79,1,Normal,0.08596961672185482
2026-08-10T00:27:32.114531+05:30,pythondevice01,28.0,66.2,1013.87,0.39,1,Normal,0.09791879723919367
2026-08-10T00:27:34.120143+05:30,pythondevice01,21.24,72.06,1013.08,0.13,1,Normal,0.011331897218681664
2026-08-10T00:27:36.127119+05:30,pythondevice01,24.7,74.04,997.19,0.77,1,Normal,0.06944734595205687
2026-08-10T00:27:38.131629+05:30,pythondevice01,24.48,60.73,1013.9,0.61,1,Normal,0.09992166067303021
2026-08-10T00:27:40.136726+05:30,pythondevice01,30.34,78.96,995.02,0.59,1,Normal,0.04293182101247628
2026-08-10T00:27:42.141783+05:30,pythondevice01,21.93,61.87,1027.4,0.66,1,Normal,0.03657706212822298
2026-08-10T00:27:44.147809+05:30,pythondevice01,29.65,43.53,1021.28,0.98,1,Normal,0.03304099942444583
2026-08-10T00:27:46.151973+05:30,pythondevice01,23.39,43.15,1009.49,0.16,1,Normal,0.051723051945980036
2026-08-10T00:27:48.156107+05:30,pythondevice01,29.05,73.53,998.12,0.98,1,Normal,0.046109287391404075
2026-08-10T00:27:50.167749+05:30,pythondevice01,33.82,58.56,1006.59,0.2,1,Normal,0.05638812265725279
2026-08-10T00:27:52.174248+05:30,pythondevice01,28.71,74.19,999.88,0.44,1,Normal,0.08390707912591394
2026-08-10T00:27:54.179243+05:30,pythondevice01,20.13,42.43,1021.72,0.43,-1,Anomaly,-0.0012380417466418825
2026-08-10T00:27:56.186100+05:30,pythondevice01,21.05,56.24,992.48,0.87,1,Normal,0.009260952247567622
2026-08-10T00:27:58.189537+05:30,pythondevice01,20.99,69.29,1029.41,0.43,1,Normal,0.005519134186862229
2026-08-10T00:28:00.196337+05:30,pythondevice01,21.6,56.79,1015.86,0.41,1,Normal,0.06631359696245015
2026-08-10T00:28:02.200647+05:30,pythondevice01,34.05,75.38,990.12,0.64,-1,Anomaly,-0.022470110967227175
2026-08-10T00:28:04.205580+05:30,pythondevice01,28.52,79.15,1008.55,0.14,1,Normal,0.008929928418152766
2026-08-10T00:28:06.211860+05:30,pythondevice01,29.63,76.17,1005.14,0.66,1,Normal,0.09411963468874901
2026-08-10T00:28:08.216127+05:30,pythondevice01,32.42,60.48,999.06,0.33,1,Normal,0.07257220303684381
2026-08-10T00:28:10.221205+05:30,pythondevice01,31.08,43.47,991.43,0.91,1,Normal,0.01061181702890368
2026-08-10T00:28:12.227089+05:30,pythondevice01,33.68,42.42,1010.18,0.9,1,Normal,0.03998982202904666
2026-08-10T00:28:14.232525+05:30,pythondevice01,34.4,55.69,1006.49,0.5,1,Normal,0.05862805122406023
2026-08-10T00:28:16.237855+05:30,pythondevice01,22.65,45.25,1024.27,0.13,1,Normal,0.024540065900987562
2026-08-10T00:28:18.243782+05:30,pythondevice01,32.43,56.22,1019.08,0.94,1,Normal,0.0665501262384181
2026-08-10T00:28:20.249849+05:30,pythondevice01,26.85,53.51,1012.93,0.1,1,Normal,0.04807750120558563
2026-08-10T00:28:22.254296+05:30,pythondevice01,22.51,50.94,1010.26,0.32,1,Normal,0.0701026004723811
2026-08-10T00:28:24.257787+05:30,pythondevice01,29.43,71.82,997.87,0.73,1,Normal,0.09383235403046242
2026-08-10T00:28:26.261483+05:30,pythondevice01,23.69,51.58,997.88,0.26,1,Normal,0.06828877315092713
2026-08-10T00:28:28.265990+05:30,pythondevice01,33.76,51.23,1009.12,0.82,1,Normal,0.052304737912791555
2026-08-10T00:28:30.285153+05:30,pythondevice01,27.04,66.69,993.03,0.54,1,Normal,0.06691896303407807
2026-08-10T00:28:32.289798+05:30,pythondevice01,26.38,63.48,997.23,0.62,1,Normal,0.10173772073337717
2026-08-10T00:28:34.292782+05:30,pythondevice01,30.38,77.99,1005.86,0.93,1,Normal,0.04935101088434324
2026-08-10T00:28:36.407777+05:30,pythondevice01,22.06,58.97,1024.83,0.12,1,Normal,0.02432096368461778
2026-08-10T00:28:38.410956+05:30,pythondevice01,34.3,76.12,1001.29,0.89,1,Normal,0.025307055854360105
2026-08-10T00:28:40.415576+05:30,pythondevice01,33.79,62.17,1014.93,0.26,1,Normal,0.06843434250268665
2026-08-10T00:28:42.421849+05:30,pythondevice01,34.24,53.87,1027.14,0.8,1,Normal,0.037088487244121726
2026-08-10T00:28:44.425230+05:30,pythondevice01,26.4,68.25,1019.1,0.51,1,Normal,0.09665192919253712
2026-08-10T00:28:46.428510+05:30,pythondevice01,31.37,75.08,991.98,0.21,-1,Anomaly,-0.0033203857134486148
2026-08-10T00:28:48.433364+05:30,pythondevice01,30.57,50.34,1007.91,0.21,1,Normal,0.06422015253760138
2026-08-10T00:28:50.438597+05:30,pythondevice01,34.12,73.13,1008.04,0.2,1,Normal,0.03048301510209972
2026-08-10T00:28:52.443551+05:30,pythondevice01,27.34,73.93,1001.81,0.68,1,Normal,0.09104256239203717
2026-08-10T00:28:54.448019+05:30,pythondevice01,32.15,40.19,1010.79,0.74,1,Normal,0.05304882470462191
2026-08-10T00:28:56.452170+05:30,pythondevice01,31.38,71.25,1006.94,0.88,1,Normal,0.08292835714413183
2026-08-10T00:28:58.461052+05:30,pythondevice01,33.91,67.74,992.08,0.32,-1,Anomaly,-0.0021901701657589534
2026-08-10T00:29:00.464402+05:30,pythondevice01,31.75,75.37,993.72,0.47,1,Normal,0.034585276216121286
2026-08-10T00:29:02.470098+05:30,pythondevice01,25.89,52.3,998.24,0.33,1,Normal,0.08744468849888287
2026-08-10T00:29:04.476802+05:30,pythondevice01,34.67,46.94,1014.63,0.59,1,Normal,0.042646931653112174
2026-08-10T00:29:06.484220+05:30,pythondevice01,33.97,51.35,1028.31,0.56,1,Normal,0.03744842433052731
2026-08-10T00:29:08.489228+05:30,pythondevice01,29.79,71.17,1016.62,0.98,1,Normal,0.05248131680055723
2026-08-10T00:29:10.504722+05:30,pythondevice01,23.7,79.57,1008.6,0.93,1,Normal,0.0031970779280893202
2026-08-10T00:29:12.512002+05:30,pythondevice01,23.76,41.52,1002.83,0.36,1,Normal,0.040260469693604306
2026-08-10T00:29:14.517649+05:30,pythondevice01,20.65,40.38,1007.03,0.61,1,Normal,0.020291637363790582
2026-08-10T00:29:16.523174+05:30,pythondevice01,30.59,66.84,1008.62,0.49,1,Normal,0.10608277607242311
2026-08-10T00:29:18.528525+05:30,pythondevice01,27.96,68.44,1005.95,0.46,1,Normal,0.10154959798630436
2026-08-10T00:29:20.532201+05:30,pythondevice01,26.74,48.94,994.09,0.39,1,Normal,0.05993147283734013
2026-08-10T00:29:22.548349+05:30,pythondevice01,34.64,42.04,1012.48,0.31,1,Normal,0.021701287582847617
2026-08-10T00:29:24.554073+05:30,pythondevice01,23.59,53.84,1020.55,0.4,1,Normal,0.0777917387899425
2026-08-10T00:29:26.558909+05:30,pythondevice01,24.75,79.89,1025.69,0.19,-1,Anomaly,-0.006986377553828249
2026-08-10T00:29:28.564129+05:30,pythondevice01,20.33,40.4,993.81,0.56,-1,Anomaly,-0.021176713695695404
2026-08-10T00:29:30.571034+05:30,pythondevice01,33.05,42.28,1012.33,0.32,1,Normal,0.060818126231417136
2026-08-10T00:29:32.575559+05:30,pythondevice01,22.19,76.17,1021.14,0.73,1,Normal,0.05261823099663321
2026-08-10T00:29:34.580292+05:30,pythondevice01,29.56,44.42,1026.18,0.64,1,Normal,0.06924551753769881
2026-08-10T00:29:36.585709+05:30,pythondevice01,25.75,53.63,997.03,0.98,1,Normal,0.0466564112328679
2026-08-10T00:29:38.601285+05:30,pythondevice01,22.76,55.45,1002.7,0.47,1,Normal,0.08739661117044234
2026-08-10T00:29:40.605277+05:30,pythondevice01,28.91,47.58,1011.99,0.66,1,Normal,0.10391024920236441
2026-08-10T00:29:42.609210+05:30,pythondevice01,20.0,56.37,1004.72,0.55,1,Normal,0.03435778293936853
2026-08-10T00:29:44.617485+05:30,pythondevice01,24.15,48.29,997.53,0.97,1,Normal,0.03807127924673104
2026-08-10T00:29:46.622040+05:30,pythondevice01,29.98,45.09,1001.43,0.17,1,Normal,0.04704618495308177
2026-08-10T00:29:48.627319+05:30,pythondevice01,27.62,48.95,1013.14,0.99,1,Normal,0.04030303449176498
2026-08-10T00:29:50.634301+05:30,pythondevice01,31.71,65.24,997.94,0.87,1,Normal,0.07430799187333403
2026-08-10T00:29:52.637671+05:30,pythondevice01,26.58,47.37,1012.1,0.61,1,Normal,0.1072748380758784
2026-08-10T00:29:54.644871+05:30,pythondevice01,32.62,54.32,994.49,0.89,1,Normal,0.04432455999237761
2026-08-10T00:29:56.652009+05:30,pythondevice01,27.08,71.86,1024.85,0.53,1,Normal,0.08113209843702679
2026-08-10T00:29:58.658139+05:30,pythondevice01,25.23,69.51,1007.64,0.78,1,Normal,0.08700047489310953
2026-08-10T00:30:00.662845+05:30,pythondevice01,29.44,60.96,1023.96,0.22,1,Normal,0.061559822854798996
2026-08-10T00:30:02.677935+05:30,pythondevice01,27.95,43.62,992.49,0.33,1,Normal,0.019459356476951517
2026-08-10T00:30:04.683496+05:30,pythondevice01,32.08,40.61,1029.04,0.15,-1,Anomaly,-0.031863060235430285
2026-08-10T00:30:06.687684+05:30,pythondevice01,31.24,55.23,1015.24,0.92,1,Normal,0.07436200998341796
2026-08-10T00:30:08.695081+05:30,pythondevice01,30.71,60.89,1018.79,0.14,1,Normal,0.0678002046794145
2026-08-10T00:30:10.701240+05:30,pythondevice01,24.26,51.35,1024.04,0.32,1,Normal,0.08012008425525396
2026-08-10T00:30:12.717951+05:30,pythondevice01,24.22,49.89,1021.88,0.84,1,Normal,0.07272537632188653
2026-08-10T00:30:14.726053+05:30,pythondevice01,26.04,57.69,1021.33,0.72,1,Normal,0.08352445775279232
2026-08-10T00:30:16.732847+05:30,pythondevice01,30.57,62.65,990.01,0.93,-1,Anomaly,-0.01644513918268875
2026-08-10T00:30:18.737129+05:30,pythondevice01,28.94,65.74,995.65,0.9,1,Normal,0.07456193923770987
2026-08-10T00:30:20.742834+05:30,pythondevice01,22.82,58.88,1027.8,0.64,1,Normal,0.04939646897839023
2026-08-10T00:30:22.748218+05:30,pythondevice01,33.4,48.75,1024.4,0.74,1,Normal,0.06135153647157787
2026-08-10T00:30:24.752377+05:30,pythondevice01,21.0,60.54,1012.28,0.96,1,Normal,0.011941210412670822
2026-08-10T00:30:26.758113+05:30,pythondevice01,26.45,44.56,1021.99,0.45,1,Normal,0.07718271830075496
2026-08-10T00:30:28.765869+05:30,pythondevice01,32.9,44.55,1018.29,0.66,1,Normal,0.071950167992398
2026-08-10T00:30:30.773887+05:30,pythondevice01,23.99,69.58,994.64,0.49,1,Normal,0.054071434788675266
2026-08-10T00:30:32.785726+05:30,pythondevice01,26.68,72.36,1029.46,0.2,1,Normal,0.007356427801441967
2026-08-10T00:30:34.795202+05:30,pythondevice01,20.43,71.48,1022.81,0.82,1,Normal,0.03834087177507228
2026-08-10T00:30:36.804568+05:30,pythondevice01,29.04,70.27,1005.22,0.83,1,Normal,0.09670517639938814
2026-08-10T00:30:38.810826+05:30,pythondevice01,26.11,64.94,1001.55,0.48,1,Normal,0.11013576775543582
2026-08-10T00:30:40.815075+05:30,pythondevice01,34.53,73.57,1027.1,0.87,1,Normal,0.004410530741992158
2026-08-10T00:30:42.821671+05:30,pythondevice01,34.8,56.67,1001.73,0.91,1,Normal,0.026800832867859614
2026-08-10T00:30:44.827375+05:30,pythondevice01,28.56,50.11,998.62,0.6,1,Normal,0.1034756932302428
2026-08-10T00:30:46.835622+05:30,pythondevice01,22.45,71.22,990.2,0.79,-1,Anomaly,-0.010457788741175755
2026-08-10T00:30:48.840714+05:30,pythondevice01,22.35,74.2,1029.02,0.53,1,Normal,0.022305849374581466
2026-08-10T00:30:50.847028+05:30,pythondevice01,26.21,64.86,1005.47,0.64,1,Normal,0.11230485706062548
2026-08-10T00:30:52.850957+05:30,pythondevice01,26.63,44.21,1027.97,0.93,1,Normal,0.024212956807265762
2026-08-10T00:30:54.856881+05:30,pythondevice01,32.93,66.43,997.67,0.18,1,Normal,0.03220132411387622
2026-08-10T00:30:56.865346+05:30,pythondevice01,31.8,66.8,1017.07,0.19,1,Normal,0.06906221232451204
2026-08-10T00:30:58.871357+05:30,pythondevice01,26.41,54.72,1027.55,0.16,1,Normal,0.05539341575409118
2026-08-10T00:31:00.876374+05:30,pythondevice01,27.08,71.95,1019.85,0.76,1,Normal,0.08988818254569708
2026-08-10T00:31:02.881341+05:30,pythondevice01,25.22,79.36,1010.9,0.5,1,Normal,0.05185839146571569
2026-08-10T00:31:04.885118+05:30,pythondevice01,31.53,58.16,1020.45,0.12,1,Normal,0.05801056810712113
2026-08-10T00:31:06.889048+05:30,pythondevice01,27.5,65.47,996.4,0.59,1,Normal,0.10443273527608049
2026-08-10T00:31:08.903510+05:30,pythondevice01,34.58,42.73,1002.09,0.4,1,Normal,0.016981955924302183
2026-08-10T00:31:10.909208+05:30,pythondevice01,30.52,60.24,1010.41,0.59,1,Normal,0.11230610902174609
2026-08-10T00:31:12.915282+05:30,pythondevice01,31.92,57.21,1023.99,0.91,1,Normal,0.06988752120480635
2026-08-10T00:31:14.922155+05:30,pythondevice01,23.75,76.55,1010.55,0.39,1,Normal,0.06167589820452479
2026-08-10T00:31:16.937933+05:30,pythondevice01,30.47,49.43,1029.51,0.51,1,Normal,0.04267682224128155
2026-08-10T00:31:18.944526+05:30,pythondevice01,25.22,53.96,1000.65,0.94,1,Normal,0.0748753470943212
2026-08-10T00:31:20.947743+05:30,pythondevice01,27.47,42.34,999.33,0.22,1,Normal,0.04283687883058673
2026-08-10T00:31:22.959126+05:30,pythondevice01,24.67,45.03,1000.75,0.4,1,Normal,0.06439262876849272
2026-08-10T00:31:24.967020+05:30,pythondevice01,27.7,57.15,1012.66,0.61,1,Normal,0.10591315041005328
2026-08-10T00:31:26.972244+05:30,pythondevice01,29.57,66.61,1015.0,0.98,1,Normal,0.06306229293670884
2026-08-10T00:31:28.979493+05:30,pythondevice01,33.36,52.12,1015.64,0.6,1,Normal,0.08181439528894646
2026-08-10T00:31:30.989163+05:30,pythondevice01,26.49,79.9,1001.58,0.47,1,Normal,0.050739339090818514
2026-08-10T00:31:33.052950+05:30,pythondevice01,31.52,73.05,1009.63,0.21,1,Normal,0.0694789607845408
2026-08-10T00:31:35.060300+05:30,pythondevice01,25.98,41.57,1006.22,0.39,1,Normal,0.06147114173878088
2026-08-10T00:31:37.065686+05:30,pythondevice01,31.88,62.08,995.34,0.1,1,Normal,0.002117001297744503
2026-08-10T00:31:39.069253+05:30,pythondevice01,25.11,60.93,1024.05,0.47,1,Normal,0.07031887664469294
2026-08-10T00:31:41.072555+05:30,pythondevice01,28.89,48.23,1022.36,0.78,1,Normal,0.07972411914871935
2026-08-10T00:31:43.078064+05:30,pythondevice01,21.94,79.95,998.62,0.54,1,Normal,0.03320118879941136
2026-08-10T00:31:45.082442+05:30,pythondevice01,24.6,53.36,1010.26,0.2,1,Normal,0.09338778261987712
2026-08-10T00:31:47.088445+05:30,pythondevice01,21.95,44.16,1018.27,0.66,1,Normal,0.06430342487303309
2026-08-10T00:31:49.094456+05:30,pythondevice01,31.01,72.15,1017.92,0.45,1,Normal,0.0901166912760687
2026-08-10T00:31:51.099380+05:30,pythondevice01,23.59,66.81,1022.46,0.94,1,Normal,0.05205329675415049
2026-08-10T00:31:53.105246+05:30,pythondevice01,29.74,47.91,1023.67,0.32,1,Normal,0.08153132928742945
2026-08-10T00:31:55.111556+05:30,pythondevice01,20.89,67.91,992.55,0.52,1,Normal,0.020900784941702888
2026-08-10T00:31:57.117434+05:30,pythondevice01,24.45,42.45,1023.39,0.77,1,Normal,0.0465703126704502
2026-08-10T00:31:59.125892+05:30,pythondevice01,21.19,65.41,993.88,0.81,1,Normal,0.02984422806081033
2026-08-10T00:32:01.140176+05:30,pythondevice01,25.46,60.3,1015.31,0.84,1,Normal,0.09142318925215975
2026-08-10T00:32:03.149577+05:30,pythondevice01,24.18,70.63,1021.02,0.78,1,Normal,0.08470184977591039
2026-08-10T00:32:05.155084+05:30,pythondevice01,29.24,45.81,1024.81,0.78,1,Normal,0.07342504055708327
2026-08-10T00:32:07.160565+05:30,pythondevice01,27.98,58.07,1010.32,0.5,1,Normal,0.10825965356302969
2026-08-10T00:32:09.166903+05:30,pythondevice01,32.22,44.58,1004.45,0.67,1,Normal,0.07109926152792267
2026-08-10T00:32:11.173327+05:30,pythondevice01,22.85,77.43,1017.62,0.14,1,Normal,0.010006681715745369
2026-08-10T00:32:13.179235+05:30,pythondevice01,24.7,49.08,1005.53,0.9,1,Normal,0.0621768465644037
2026-08-10T00:32:15.184713+05:30,pythondevice01,29.18,69.21,1012.59,0.99,1,Normal,0.05154756780054959
2026-08-10T00:32:17.190055+05:30,pythondevice01,27.0,57.89,1009.16,0.94,1,Normal,0.07733284904660037
2026-08-10T00:32:19.200021+05:30,pythondevice01,31.4,51.07,1004.76,0.74,1,Normal,0.0782482149440662
2026-08-10T00:32:21.203738+05:30,pythondevice01,28.8,58.6,1028.3,0.9,1,Normal,0.044202417433968466
2026-08-10T00:32:23.208366+05:30,pythondevice01,29.17,63.99,1028.79,0.55,1,Normal,0.048398000188891066
2026-08-10T00:32:25.212713+05:30,pythondevice01,22.13,51.99,992.22,0.92,-1,Anomaly,-0.008988465931947576
2026-08-10T00:32:27.218104+05:30,pythondevice01,30.08,59.8,1013.81,0.38,1,Normal,0.09574985869053082
2026-08-10T00:32:29.227428+05:30,pythondevice01,27.72,46.84,1025.98,0.14,1,Normal,0.04674764103722728
2026-08-10T00:32:31.232907+05:30,pythondevice01,23.93,77.09,999.83,0.84,1,Normal,0.06514596300457887
2026-08-10T00:32:33.237026+05:30,pythondevice01,24.4,53.9,991.82,0.9,1,Normal,0.02339706737667957
2026-08-10T00:32:35.246135+05:30,pythondevice01,23.87,62.54,1005.02,0.21,1,Normal,0.054878827519999396
2026-08-10T00:32:37.264926+05:30,pythondevice01,21.52,73.4,1002.63,0.51,1,Normal,0.05893085016926913
2026-08-10T00:32:39.270176+05:30,pythondevice01,23.55,69.37,1010.0,0.75,1,Normal,0.08974921369049993
2026-08-10T00:32:41.275984+05:30,pythondevice01,32.93,44.78,1021.11,0.28,1,Normal,0.05725374023617158
2026-08-10T00:32:43.281083+05:30,pythondevice01,27.8,63.57,996.9,0.63,1,Normal,0.10387986969576934
2026-08-10T00:32:45.284802+05:30,pythondevice01,24.3,78.77,1022.89,0.26,1,Normal,0.019198601016278793
2026-08-10T00:32:47.293848+05:30,pythondevice01,22.54,51.76,1023.24,0.17,1,Normal,0.048999087634711724
2026-08-10T00:32:49.297192+05:30,pythondevice01,31.14,73.25,1008.66,0.48,1,Normal,0.09467646914856626
2026-08-10T00:32:51.301368+05:30,pythondevice01,31.32,42.78,994.18,0.32,1,Normal,0.03482593482416907
2026-08-10T00:32:53.307382+05:30,pythondevice01,29.46,75.35,1016.23,0.1,1,Normal,0.031099778992811244
2026-08-10T00:32:55.314100+05:30,pythondevice01,26.84,45.6,1023.56,0.14,1,Normal,0.053728406629486414
2026-08-10T00:32:57.317678+05:30,pythondevice01,27.05,46.2,1023.7,0.21,1,Normal,0.07388812384587068
2026-08-10T00:32:59.357095+05:30,pythondevice01,33.8,61.01,1026.28,0.89,1,Normal,0.04512400966103469
2026-08-10T00:33:01.391225+05:30,pythondevice01,34.1,47.59,995.02,0.54,1,Normal,0.027029638342278783
2026-08-10T00:33:03.397809+05:30,pythondevice01,30.19,62.52,1028.52,0.11,1,Normal,0.02427922655663839
2026-08-10T00:33:05.403171+05:30,pythondevice01,33.84,77.47,1012.95,0.59,1,Normal,0.05130107271361595
2026-08-10T00:33:07.408016+05:30,pythondevice01,25.1,50.06,1001.77,0.32,1,Normal,0.08218852054845727
2026-08-10T00:33:09.415003+05:30,pythondevice01,27.13,77.83,1006.34,0.13,1,Normal,0.01823054380457878
2026-08-10T00:33:11.425530+05:30,pythondevice01,30.5,79.94,1017.78,0.63,1,Normal,0.04168693868330964
2026-08-10T00:33:13.441281+05:30,pythondevice01,34.81,58.27,990.29,0.86,-1,Anomaly,-0.03685265202409593
2026-08-10T00:33:15.445769+05:30,pythondevice01,34.62,56.98,1007.53,0.52,1,Normal,0.05531079737813849
2026-08-10T00:33:17.450195+05:30,pythondevice01,27.2,55.82,998.43,0.53,1,Normal,0.10890232711591269
2026-08-11T17:30:06.479301+05:30,pythondevice01,23.47,40.16,1026.61,0.55,1,Normal,0.014584039408921612
2026-08-11T17:30:13.212659+05:30,pythondevice01,25.38,68.59,1025.54,0.37,1,Normal,0.07264007607783696
2026-08-11T17:30:15.272350+05:30,pythondevice01,24.8,42.96,1016.77,0.17,1,Normal,0.06163937905200989
2026-08-11T17:30:17.289959+05:30,pythondevice01,21.72,43.94,1007.95,0.58,1,Normal,0.06667800540748825
2026-08-11T17:30:19.295741+05:30,pythondevice01,34.13,64.81,1026.97,0.85,1,Normal,0.0445476087160519
2026-08-11T17:30:21.301824+05:30,pythondevice01,34.64,62.17,1016.28,0.18,1,Normal,0.02794817767429414
2026-08-11T17:30:23.307333+05:30,pythondevice01,27.08,61.18,991.19,0.37,1,Normal,0.03208996590729574
2026-08-11T17:30:25.311791+05:30,pythondevice01,30.32,65.09,1000.61,0.96,1,Normal,0.0692489593013702
2026-08-11T17:30:27.316766+05:30,pythondevice01,21.6,54.02,993.32,0.7,1,Normal,0.022884268096415306
2026-08-11T17:30:29.326759+05:30,pythondevice01,31.91,76.12,1001.68,0.52,1,Normal,0.07436042335581039
2026-08-11T17:30:31.381819+05:30,pythondevice01,21.13,74.13,1007.92,0.52,1,Normal,0.0449061217097374
2026-08-11T17:30:33.386940+05:30,pythondevice01,23.59,65.94,1002.66,0.12,1,Normal,0.036004933862760935
2026-08-11T17:30:35.391758+05:30,pythondevice01,25.46,53.16,998.94,0.63,1,Normal,0.10520684918516165
2026-08-11T17:30:37.395707+05:30,pythondevice01,21.38,67.16,1007.7,0.49,1,Normal,0.05951108287386231
2026-08-11T17:30:39.402594+05:30,pythondevice01,28.07,77.96,1029.92,0.27,-1,Anomaly,-0.016580416664026987
2026-08-11T17:30:41.408450+05:30,pythondevice01,34.94,58.81,1014.35,0.71,1,Normal,0.04585539132186056
2026-08-11T17:30:43.414611+05:30,pythondevice01,34.1,60.34,1019.24,0.14,1,Normal,0.04230121724611691
2026-08-11T17:30:45.418937+05:30,pythondevice01,20.95,75.85,1026.67,0.49,1,Normal,0.004254770828010179
2026-08-11T17:30:47.456768+05:30,pythondevice01,24.93,43.4,999.83,0.87,1,Normal,0.0557405564345782
